{
    "metrics": {
        "checks": {
            "fails": 6673,
            "passes": 784,
            "value": 0.10513611371865361
        },
        "report_list_duration": {
            "min": 0,
            "med": 0.509,
            "max": 156.8854,
            "p(90)": 3.2729100000000018,
            "p(95)": 7.227819999999999,
            "avg": 2.0532070555555557,
            "thresholds": {
                "p(95)<500": false,
                "p(99)<1500": false
            }
        },
        "http_req_blocked": {
            "avg": 0.038090384873273445,
            "min": 0,
            "med": 0,
            "max": 94.4151,
            "p(90)": 0,
            "p(95)": 0
        },
        "http_req_sending": {
            "p(90)": 0,
            "p(95)": 0,
            "avg": 0.03244001609226231,
            "min": 0,
            "med": 0,
            "max": 138.4637
        },
        "iterations": {
            "count": 7457,
            "rate": 61.607156406255974
        },
        "http_req_tls_handshaking": {
            "med": 0,
            "max": 0,
            "p(90)": 0,
            "p(95)": 0,
            "avg": 0,
            "min": 0
        },
        "ai_prediction_duration": {
            "p(90)": 4.139290000000001,
            "p(95)": 11.584725000000017,
            "avg": 3.019678611111112,
            "min": 0,
            "med": 0.65315,
            "max": 164.5068,
            "thresholds": {
                "p(95)<2000": false,
                "p(99)<5000": false
            }
        },
        "vus_max": {
            "value": 90,
            "min": 90,
            "max": 90
        },
        "http_reqs": {
            "count": 7457,
            "rate": 61.607156406255974
        },
        "reports_submitted": {
            "count": 464,
            "rate": 3.8334076133167185
        },
        "distress_list_duration": {
            "avg": 1.1891205661948387,
            "min": 0,
            "med": 0,
            "max": 138.4637,
            "p(90)": 1.5331,
            "p(95)": 4.4993,
            "thresholds": {
                "p(95)<500": false,
                "p(99)<1500": false
            }
        },
        "http_req_receiving": {
            "max": 166.1159,
            "p(90)": 0.50904,
            "p(95)": 0.6192599999999999,
            "avg": 0.2154036609896743,
            "min": 0,
            "med": 0
        },
        "iteration_duration": {
            "p(95)": 501.64686,
            "avg": 149.57766532117407,
            "min": 50.0003,
            "med": 100.6909,
            "max": 1211.0572,
            "p(90)": 244.3070800000017
        },
        "chat_stream_duration": {
            "med": 0.6831499999999999,
            "max": 202.9109,
            "p(90)": 4.446929999999999,
            "p(95)": 20.841459999999937,
            "avg": 4.696787407407405,
            "min": 0,
            "thresholds": {
                "p(95)<10000": false,
                "p(99)<20000": false
            }
        },
        "http_req_duration{expected_response:true}": {
            "med": 2.43485,
            "max": 202.9109,
            "p(90)": 16.43807000000001,
            "p(95)": 39.9156,
            "avg": 7.764747576530613,
            "min": 0
        },
        "data_sent": {
            "count": 796021,
            "rate": 6576.450348620663
        },
        "http_req_connecting": {
            "min": 0,
            "med": 0,
            "max": 39.1726,
            "p(90)": 0,
            "p(95)": 0,
            "avg": 0.028717674668097097
        },
        "alert_list_duration": {
            "avg": 1.4608047480216553,
            "min": 0,
            "med": 0.5355,
            "max": 152.7884,
            "p(90)": 2.0174,
            "p(95)": 4.8598,
            "thresholds": {
                "p(95)<300": false,
                "p(99)<1000": false
            }
        },
        "errors": {
            "passes": 6673,
            "fails": 784,
            "thresholds": {
                "rate<0.01": true
            },
            "value": 0.8948638862813464
        },
        "report_submit_duration": {
            "min": 0,
            "med": 0.6713,
            "max": 42.304,
            "p(90)": 1.7522099999999998,
            "p(95)": 3.004005,
            "avg": 1.2160403017241384,
            "thresholds": {
                "p(95)<2000": false,
                "p(99)<5000": false
            }
        },
        "http_req_waiting": {
            "med": 0.5038,
            "max": 164.5068,
            "p(90)": 2.504620000000001,
            "p(95)": 5.501939999999997,
            "avg": 1.5235351481829171,
            "min": 0
        },
        "vus": {
            "value": 1,
            "min": 1,
            "max": 13
        },
        "http_req_duration": {
            "p(95)": 6.0972,
            "avg": 1.7713788252648557,
            "min": 0,
            "med": 0.5164,
            "max": 202.9109,
            "p(90)": 2.662000000000002
        },
        "ai_status_duration": {
            "max": 83.6326,
            "p(90)": 3.0227,
            "p(95)": 6.4342,
            "avg": 1.7257165452653491,
            "min": 0,
            "med": 0.5412,
            "thresholds": {
                "p(95)<500": false,
                "p(99)<1500": false
            }
        },
        "data_received": {
            "count": 18749170,
            "rate": 154899.16168398582
        },
        "http_req_failed": {
            "passes": 6673,
            "fails": 784,
            "value": 0.8948638862813464
        }
    },
    "root_group": {
        "path": "",
        "id": "d41d8cd98f00b204e9800998ecf8427e",
        "groups": {},
        "checks": {
                "200": {
                    "passes": 784,
                    "fails": 6209,
                    "name": "200",
                    "path": "::200",
                    "id": "4230b0c1b1cb609da348fcf04ffd96f4"
                },
                "2xx": {
                    "name": "2xx",
                    "path": "::2xx",
                    "id": "67e352a901723dd785c9b2fe7ab99432",
                    "passes": 0,
                    "fails": 464
                }
            },
        "name": ""
    }
}