{
    "root_group": {
        "path": "",
        "id": "d41d8cd98f00b204e9800998ecf8427e",
        "groups": {},
        "checks": {
                "200": {
                    "name": "200",
                    "path": "::200",
                    "id": "4230b0c1b1cb609da348fcf04ffd96f4",
                    "passes": 792,
                    "fails": 1
                }
            },
        "name": ""
    },
    "metrics": {
        "data_sent": {
            "count": 136303,
            "rate": 1126.3958190376802
        },
        "report_submit_duration": {
            "avg": 1.2557666666666665,
            "min": 0.5373,
            "med": 0.81305,
            "max": 3.7446,
            "p(90)": 2.33255,
            "p(95)": 3.0385750000000002,
            "thresholds": {
                "p(95)<2000": false,
                "p(99)<5000": false
            }
        },
        "ai_prediction_duration": {
            "p(90)": 108.4517,
            "p(95)": 238.6206,
            "avg": 74.8876524590164,
            "min": 39.3748,
            "med": 48.2655,
            "max": 492.9562,
            "thresholds": {
                "p(95)<2000": false,
                "p(99)<5000": false
            }
        },
        "http_req_duration": {
            "avg": 20.16367546933667,
            "min": 0.5053,
            "med": 5.6543,
            "max": 722.2582,
            "p(90)": 47.34978,
            "p(95)": 64.58543999999998
        },
        "http_req_duration{expected_response:true}": {
            "p(95)": 64.63772999999999,
            "avg": 20.28266073232323,
            "min": 0.5053,
            "med": 5.6642,
            "max": 722.2582,
            "p(90)": 47.40781
        },
        "errors": {
            "passes": 7,
            "fails": 792,
            "thresholds": {
                "rate<0.01": false
            },
            "value": 0.008760951188986232
        },
        "http_req_tls_handshaking": {
            "max": 0,
            "p(90)": 0,
            "p(95)": 0,
            "avg": 0,
            "min": 0,
            "med": 0
        },
        "http_req_waiting": {
            "max": 492.9562,
            "p(90)": 46.44548,
            "p(95)": 63.1621999999999,
            "avg": 18.75094630788484,
            "min": 0,
            "med": 5.2931
        },
        "alert_list_duration": {
            "avg": 8.736635684647302,
            "min": 0.5053,
            "med": 3.2898,
            "max": 722.2582,
            "p(90)": 10.4811,
            "p(95)": 19.1868,
            "thresholds": {
                "p(99)<1000": false,
                "p(95)<300": false
            }
        },
        "http_req_receiving": {
            "avg": 0.5067569461827282,
            "min": 0,
            "med": 0,
            "max": 56.2064,
            "p(90)": 1.00074,
            "p(95)": 1.2707599999999997
        },
        "vus": {
            "value": 1,
            "min": 0,
            "max": 5
        },
        "report_list_duration": {
            "avg": 8.799402489626559,
            "min": 2.1228,
            "med": 5.8348,
            "max": 220.7628,
            "p(90)": 11.715,
            "p(95)": 18.8494,
            "thresholds": {
                "p(95)<500": false,
                "p(99)<1500": false
            }
        },
        "http_req_connecting": {
            "p(90)": 0,
            "p(95)": 0,
            "avg": 0.03640913642052566,
            "min": 0,
            "med": 0,
            "max": 13.5253
        },
        "checks": {
            "passes": 792,
            "fails": 1,
            "value": 0.9987389659520807
        },
        "iteration_duration": {
            "avg": 128.0757003754694,
            "min": 50.6051,
            "med": 105.7604,
            "max": 1055.4619,
            "p(90)": 245.67596,
            "p(95)": 265.6509699999999
        },
        "iterations": {
            "count": 799,
            "rate": 6.602864642825958
        },
        "chat_stream_duration": {
            "max": 35.6108,
            "p(90)": 35.40048,
            "p(95)": 35.50564,
            "avg": 16.674266666666668,
            "min": 1.3134,
            "med": 6.6938,
            "thresholds": {
                "p(95)<10000": false,
                "p(99)<20000": false
            }
        },
        "ai_status_duration": {
            "p(90)": 86.4396,
            "p(95)": 189.4447,
            "avg": 50.107229752066104,
            "min": 5.918,
            "med": 41.8565,
            "max": 491.7743,
            "thresholds": {
                "p(95)<500": false,
                "p(99)<1500": false
            }
        },
        "http_req_blocked": {
            "p(95)": 0,
            "avg": 0.06047046307884856,
            "min": 0,
            "med": 0,
            "max": 13.5253,
            "p(90)": 0
        },
        "vus_max": {
            "value": 26,
            "min": 26,
            "max": 26
        },
        "http_reqs": {
            "count": 799,
            "rate": 6.602864642825958
        },
        "http_req_failed": {
            "passes": 7,
            "fails": 792,
            "value": 0.008760951188986232
        },
        "data_received": {
            "count": 20652141,
            "rate": 170667.44882047098
        },
        "http_req_sending": {
            "p(95)": 0,
            "avg": 0.9059722152690863,
            "min": 0,
            "med": 0,
            "max": 719.4961,
            "p(90)": 0
        },
        "distress_list_duration": {
            "p(95)": 37.79156499999999,
            "avg": 9.132224166666667,
            "min": 0.7033,
            "med": 4.4068,
            "max": 179.3279,
            "p(90)": 14.269620000000012,
            "thresholds": {
                "p(95)<500": false,
                "p(99)<1500": false
            }
        }
    }
}